competitor,dataset,param_name,param_value,build_s,index_disk_mb,rss_mb,recall_at_10,qps_1t,p50_ms,p95_ms,p99_ms,recall_stdev,qps_stdev,config,notes,error
lancedb,sift1m,nprobes,4,20.96107514499454,508.5154619216919,2708.20703125,0.5169,276.4,3.427,5.191,6.445,0.0,10.9,{'metric': 'l2'},,
lancedb,sift1m,nprobes,8,20.96107514499454,508.5154619216919,2748.6796875,0.5448,241.1,3.768,6.863,11.586,0.0,29.2,{'metric': 'l2'},,
lancedb,sift1m,nprobes,16,20.96107514499454,508.5154619216919,2261.125,0.5545,248.2,3.861,5.316,6.661,0.0,6.3,{'metric': 'l2'},,
lancedb,sift1m,nprobes,32,20.96107514499454,508.5154619216919,2263.9296875,0.5564,193.5,4.892,7.159,9.043,0.0,5.8,{'metric': 'l2'},,
lancedb,sift1m,nprobes,64,20.96107514499454,508.5154619216919,2263.61328125,0.5565,145.5,6.597,8.933,11.508,0.0,1.9,{'metric': 'l2'},,
