competitor,dataset,param_name,param_value,build_s,index_disk_mb,rss_mb,recall_at_10,qps_1t,p50_ms,p95_ms,p99_ms,recall_stdev,qps_stdev,config,notes,error
lancedb,sift1m,nprobes,4,19.00686351498007,508.5128364562988,2695.35546875,0.517,306.0,3.056,4.712,6.109,0.0,3.0,{'metric': 'l2'},,
lancedb,sift1m,nprobes,8,19.00686351498007,508.5128364562988,2742.16015625,0.5454,289.5,3.26,4.822,6.131,0.0,4.8,{'metric': 'l2'},,
lancedb,sift1m,nprobes,16,19.00686351498007,508.5128364562988,2253.73046875,0.5555,261.4,3.607,5.285,6.685,0.0,5.5,{'metric': 'l2'},,
lancedb,sift1m,nprobes,32,19.00686351498007,508.5128364562988,2254.9921875,0.5571,213.9,4.447,6.17,7.645,0.0,3.5,{'metric': 'l2'},,
lancedb,sift1m,nprobes,64,19.00686351498007,508.5128364562988,2255.00390625,0.5573,159.0,6.072,7.819,9.078,0.0,1.1,{'metric': 'l2'},,
