competitor,dataset,param_name,param_value,build_s,index_disk_mb,rss_mb,recall_at_10,qps_1t,p50_ms,p95_ms,p99_ms,recall_stdev,qps_stdev,config,notes,error
milvus_lite,siftsmall,ef_search,16,0.8489778250077507,0.00390625,471.1328125,0.967,182.6,5.313,6.654,8.246,0.0,2.1,{'metric': 'l2'},,
milvus_lite,siftsmall,ef_search,32,0.8489778250077507,0.00390625,437.24609375,0.967,184.3,5.352,6.064,6.54,0.0,2.1,{'metric': 'l2'},,
milvus_lite,siftsmall,ef_search,64,0.8489778250077507,0.00390625,437.0390625,0.967,182.1,5.383,6.319,7.548,0.0,1.1,{'metric': 'l2'},,
milvus_lite,siftsmall,ef_search,128,0.8489778250077507,0.00390625,413.54296875,0.967,182.9,5.373,6.239,7.481,0.0,0.4,{'metric': 'l2'},,
milvus_lite,siftsmall,ef_search,256,0.8489778250077507,0.00390625,413.57421875,0.967,178.8,5.423,6.761,7.939,0.0,3.1,{'metric': 'l2'},,
