competitor,dataset,param_name,param_value,build_s,index_disk_mb,rss_mb,recall_at_10,qps_1t,qps_nt,concurrency,p50_ms,p95_ms,p99_ms,recall_stdev,qps_stdev,config,notes,error
faiss,sift1m,ef_search,16,81.98686981000355,,1187.58984375,0.812,11171.5,,1,0.085,0.128,0.188,0.0,112.6,{'metric': 'l2'},,
faiss,sift1m,ef_search,32,81.98686981000355,,1230.11328125,0.9116,6877.1,,1,0.142,0.2,0.269,0.0,118.1,{'metric': 'l2'},,
faiss,sift1m,ef_search,64,81.98686981000355,,1234.30859375,0.9679,3841.7,,1,0.256,0.359,0.526,0.0,144.4,{'metric': 'l2'},,
faiss,sift1m,ef_search,128,81.98686981000355,,1235.30078125,0.9907,2105.7,,1,0.465,0.658,0.881,0.0,34.1,{'metric': 'l2'},,
faiss,sift1m,ef_search,256,81.98686981000355,,1237.4296875,0.9975,1157.3,,1,0.861,1.173,1.485,0.0,8.4,{'metric': 'l2'},,
