competitor,dataset,param_name,param_value,build_s,index_disk_mb,rss_mb,recall_at_10,qps_1t,qps_nt,concurrency,p50_ms,p95_ms,p99_ms,recall_stdev,qps_stdev,config,notes,error
lancedb,sift1m,nprobes,4,15.201358033998986,508.51552295684814,2916.40625,0.5174,429.0,,1,2.222,3.045,3.758,0.0,1.8,{'metric': 'l2'},,
lancedb,sift1m,nprobes,8,15.201358033998986,508.51552295684814,2961.24609375,0.546,394.9,,1,2.408,3.327,4.183,0.0,7.0,{'metric': 'l2'},,
lancedb,sift1m,nprobes,16,15.201358033998986,508.51552295684814,2474.21484375,0.5549,362.2,,1,2.633,3.576,4.402,0.0,14.6,{'metric': 'l2'},,
lancedb,sift1m,nprobes,32,15.201358033998986,508.51552295684814,2475.64453125,0.5567,292.8,,1,3.278,4.28,5.049,0.0,14.4,{'metric': 'l2'},,
lancedb,sift1m,nprobes,64,15.201358033998986,508.51552295684814,2475.41796875,0.5568,218.9,,1,4.469,5.279,6.022,0.0,0.8,{'metric': 'l2'},,
